# engine-transitions-v1; RachelEngine source 4c022eba2dc96c3d1bf15d09ed4cca70e7c2dace
# id	action	cards	nomination	outcome	before	after	beforeHash	afterHash
ordinary-play	play	9	-1	ok	2,3,4,6,7,8,10,11,12,13,14,66,67,68,69,70,71,72,74,75,76,77,78,130,131,132,133,134,135,136,137,138,139,140,142,194,195,196,197,198,199,200,201,202,203,204,205,206;5;9,73/141;0;1;0;0;-1;0,0;-;9;42;-	2,3,4,6,7,8,10,11,12,13,14,66,67,68,69,70,71,72,74,75,76,77,78,130,131,132,133,134,135,136,137,138,139,140,142,194,195,196,197,198,199,200,201,202,203,204,205,206;5,9;73/141;1;1;0;0;-1;0,0;-;10;42;-	11418537469113819447	15156892691848274173
ordinary-stack	play	4,132	-1	ok	2,3,6,7,8,9,10,11,12,13,14,66,67,68,69,70,71,72,74,75,76,77,78,130,131,133,134,135,136,137,138,139,140,142,194,195,196,197,198,199,200,201,202,203,204,205,206;5;4,132,73/141;0;1;0;0;-1;0,0;-;9;42;-	2,3,6,7,8,9,10,11,12,13,14,66,67,68,69,70,71,72,74,75,76,77,78,130,131,133,134,135,136,137,138,139,140,142,194,195,196,197,198,199,200,201,202,203,204,205,206;5,4,132;73/141;1;1;0;0;-1;0,0;-;10;42;-	4467912485223857515	10075287913891565453
two-attack	play	2	-1	ok	3,4,6,7,8,9,10,11,12,13,14,66,67,68,69,70,71,72,74,75,76,77,78,130,131,132,133,134,135,136,137,138,139,140,142,194,195,196,197,198,199,200,201,202,203,204,205,206;5;2,73/141;0;1;0;0;-1;0,0;-;9;42;-	3,4,6,7,8,9,10,11,12,13,14,66,67,68,69,70,71,72,74,75,76,77,78,130,131,132,133,134,135,136,137,138,139,140,142,194,195,196,197,198,199,200,201,202,203,204,205,206;5,2;73/141;1;1;2;0;-1;0,0;-;10;42;0:1:2:9	10892802178867700315	16381010618658873986
two-stack	play	2,130	-1	ok	3,4,6,7,8,9,10,11,12,13,14,66,67,68,69,70,71,72,74,75,76,77,78,131,132,133,134,135,136,137,138,139,140,142,194,195,196,197,198,199,200,201,202,203,204,205,206;5;2,130,73/141;0;1;0;0;-1;0,0;-;9;42;-	3,4,6,7,8,9,10,11,12,13,14,66,67,68,69,70,71,72,74,75,76,77,78,131,132,133,134,135,136,137,138,139,140,142,194,195,196,197,198,199,200,201,202,203,204,205,206;5,2,130;73/141;1;1;4;0;-1;0,0;-;10;42;0:1:2:9,0:1:2:9	4880444617152685003	6612720232407158495
two-counter	play	2	-1	ok	3,4,5,6,7,8,9,10,11,12,13,14,66,67,68,69,70,71,72,74,75,76,77,78,130,131,132,133,134,135,136,137,138,139,140,142,195,196,197,198,199,200,201,202,203,204,205,206;194;2,73/141;0;1;4;0;-1;0,0;-;9;42;-	3,4,5,6,7,8,9,10,11,12,13,14,66,67,68,69,70,71,72,74,75,76,77,78,130,131,132,133,134,135,136,137,138,139,140,142,195,196,197,198,199,200,201,202,203,204,205,206;194,2;73/141;1;1;6;0;-1;0,0;-;10;42;0:1:2:9	10981487132158198879	3043759849098372666
black-jack-attack	play	203	-1	ok	2,3,4,5,6,7,8,9,10,11,12,13,14,66,67,68,69,70,71,72,74,75,76,77,78,130,131,132,133,134,135,136,137,138,139,140,142,194,195,196,198,199,200,201,202,204,205,206;197;203,73/141;0;1;0;0;-1;0,0;-;9;42;-	2,3,4,5,6,7,8,9,10,11,12,13,14,66,67,68,69,70,71,72,74,75,76,77,78,130,131,132,133,134,135,136,137,138,139,140,142,194,195,196,198,199,200,201,202,204,205,206;197,203;73/141;1;1;5;0;-1;0,0;-;10;42;0:1:5:9	15423790974583213633	4544712362648238370
black-jack-stack	play	203,139	-1	ok	2,3,4,5,6,7,8,9,10,11,12,13,14,66,67,68,69,70,71,72,74,75,76,77,78,130,131,132,133,134,135,136,137,138,140,142,194,195,196,198,199,200,201,202,204,205,206;197;203,139,73/141;0;1;0;0;-1;0,0;-;9;42;-	2,3,4,5,6,7,8,9,10,11,12,13,14,66,67,68,69,70,71,72,74,75,76,77,78,130,131,132,133,134,135,136,137,138,140,142,194,195,196,198,199,200,201,202,204,205,206;197,203,139;73/141;1;1;10;0;-1;0,0;-;10;42;0:1:5:9,0:1:5:9	12854994306265861227	10960309243101866133
black-jack-counter	play	139	-1	ok	2,3,4,5,6,7,8,9,10,11,12,13,14,66,67,68,69,70,71,72,74,75,76,77,78,130,131,132,133,134,135,136,137,138,140,142,194,195,196,197,198,199,200,201,202,204,205,206;203;139,73/141;0;1;5;0;-1;0,0;-;9;42;-	2,3,4,5,6,7,8,9,10,11,12,13,14,66,67,68,69,70,71,72,74,75,76,77,78,130,131,132,133,134,135,136,137,138,140,142,194,195,196,197,198,199,200,201,202,204,205,206;203,139;73/141;1;1;10;0;-1;0,0;-;10;42;0:1:5:9	6061362105292638856	1756708978484946993
red-jack-cancel	play	11	-1	ok	2,3,4,5,6,7,8,9,10,12,13,14,66,67,68,69,70,71,72,74,75,76,77,78,130,131,132,133,134,135,136,137,138,139,140,142,194,195,196,197,198,199,200,201,202,204,205,206;203;11,73/141;0;1;5;0;-1;0,0;-;9;42;-	2,3,4,5,6,7,8,9,10,12,13,14,66,67,68,69,70,71,72,74,75,76,77,78,130,131,132,133,134,135,136,137,138,139,140,142,194,195,196,197,198,199,200,201,202,204,205,206;203,11;73/141;1;1;0;0;-1;0,0;-;10;42;-	4689641065308466984	323522796587020899
red-jack-reduce	play	11	-1	ok	2,3,4,5,6,7,8,9,10,12,13,14,66,67,68,69,70,71,72,74,75,76,77,78,130,131,132,133,134,135,136,137,138,139,140,142,194,195,196,197,198,199,200,201,202,204,205,206;203;11,73/141;0;1;10;0;-1;0,0;-;9;42;-	2,3,4,5,6,7,8,9,10,12,13,14,66,67,68,69,70,71,72,74,75,76,77,78,130,131,132,133,134,135,136,137,138,139,140,142,194,195,196,197,198,199,200,201,202,204,205,206;203,11;73/141;1;1;5;0;-1;0,0;-;10;42;-	5576190048117695143	236003985507616654
red-jack-normal	play	11	-1	ok	2,3,4,6,7,8,9,10,12,13,14,66,67,68,69,70,71,72,74,75,76,77,78,130,131,132,133,134,135,136,137,138,139,140,142,194,195,196,197,198,199,200,201,202,203,204,205,206;5;11,73/141;0;1;0;0;-1;0,0;-;9;42;-	2,3,4,6,7,8,9,10,12,13,14,66,67,68,69,70,71,72,74,75,76,77,78,130,131,132,133,134,135,136,137,138,139,140,142,194,195,196,197,198,199,200,201,202,203,204,205,206;5,11;73/141;1;1;0;0;-1;0,0;-;10;42;-	1031613138065056825	10697508301994158643
mixed-jack-stack	play	139,11	-1	ok	2,3,4,5,6,7,8,9,10,12,13,14,66,67,68,69,70,71,72,74,75,76,77,78,130,131,132,133,134,135,136,137,138,140,142,194,195,196,197,198,199,200,201,202,204,205,206;203;139,11,73/141;0;1;5;0;-1;0,0;-;9;42;-	2,3,4,5,6,7,8,9,10,12,13,14,66,67,68,69,70,71,72,74,75,76,77,78,130,131,132,133,134,135,136,137,138,140,142,194,195,196,197,198,199,200,201,202,204,205,206;203,139,11;73/141;1;1;5;0;-1;0,0;-;10;42;0:1:5:9	14005044497247082542	8662231448657272
queen-reverse	play	12	-1	ok	2,3,4,6,7,8,9,10,11,13,14,66,67,68,69,70,71,72,74,75,76,77,78,130,131,132,133,134,135,136,137,138,139,140,142,194,195,196,197,198,199,200,201,202,203,204,205,206;5;12,73/141;0;1;0;0;-1;0,0;-;9;42;-	2,3,4,6,7,8,9,10,11,13,14,66,67,68,69,70,71,72,74,75,76,77,78,130,131,132,133,134,135,136,137,138,139,140,142,194,195,196,197,198,199,200,201,202,203,204,205,206;5,12;73/141;1;-1;0;0;-1;0,0;-;10;42;-	5283765724051005239	5934314645583698692
queen-double-reverse	play	12,140	-1	ok	2,3,4,6,7,8,9,10,11,13,14,66,67,68,69,70,71,72,74,75,76,77,78,130,131,132,133,134,135,136,137,138,139,142,194,195,196,197,198,199,200,201,202,203,204,205,206;5;12,140,73/141;0;1;0;0;-1;0,0;-;9;42;-	2,3,4,6,7,8,9,10,11,13,14,66,67,68,69,70,71,72,74,75,76,77,78,130,131,132,133,134,135,136,137,138,139,142,194,195,196,197,198,199,200,201,202,203,204,205,206;5,12,140;73/141;1;1;0;0;-1;0,0;-;10;42;-	7226978370004551097	15724976673294419631
ace-nominate	play	14	3	ok	2,3,4,6,7,8,9,10,11,12,13,66,67,68,69,70,71,72,74,75,76,77,78,130,131,132,133,134,135,136,137,138,139,140,142,194,195,196,197,198,199,200,201,202,203,204,205,206;5;14,73/141;0;1;0;0;-1;0,0;-;9;42;-	2,3,4,6,7,8,9,10,11,12,13,66,67,68,69,70,71,72,74,75,76,77,78,130,131,132,133,134,135,136,137,138,139,140,142,194,195,196,197,198,199,200,201,202,203,204,205,206;5,14;73/141;1;1;0;0;3;0,0;-;10;42;-	6879704844737197685	9402741853872421451
ace-stack	play	14,142	1	ok	2,3,4,6,7,8,9,10,11,12,13,66,67,68,69,70,71,72,74,75,76,77,78,130,131,132,133,134,135,136,137,138,139,140,194,195,196,197,198,199,200,201,202,203,204,205,206;5;14,142,73/141;0;1;0;0;-1;0,0;-;9;42;-	2,3,4,6,7,8,9,10,11,12,13,66,67,68,69,70,71,72,74,75,76,77,78,130,131,132,133,134,135,136,137,138,139,140,194,195,196,197,198,199,200,201,202,203,204,205,206;5,14,142;73/141;1;1;0;0;1;0,0;-;10;42;-	690176522141051191	3505121978489049315
seven-skips-opponent	play	7	-1	ok	2,3,4,6,8,9,10,11,12,13,14,66,67,68,69,70,71,72,74,75,76,77,78,130,131,132,133,134,135,136,137,138,139,140,142,194,195,196,197,198,199,200,201,202,203,204,205,206;5;7,73/141;0;1;0;0;-1;0,0;-;9;42;-	2,3,4,6,8,9,10,11,12,13,14,66,67,68,69,70,71,72,74,75,76,77,78,130,131,132,133,134,135,136,137,138,139,140,142,194,195,196,197,198,199,200,201,202,203,204,205,206;5,7;73/141;0;1;0;0;-1;0,0;-;10;42;0:1:1:9	14188672965436293637	16413217895876012308
seven-stops-at-counter	play	7	-1	ok	2,3,4,6,8,9,10,11,12,13,14,66,67,68,69,70,71,72,74,75,76,77,78,130,131,132,133,134,136,137,138,139,140,142,194,195,196,197,198,199,200,201,202,203,204,205,206;5;7,73/135,141;0;1;0;0;-1;0,0;-;9;42;-	2,3,4,6,8,9,10,11,12,13,14,66,67,68,69,70,71,72,74,75,76,77,78,130,131,132,133,134,136,137,138,139,140,142,194,195,196,197,198,199,200,201,202,203,204,205,206;5,7;73/135,141;1;1;0;1;-1;0,0;-;10;42;0:1:1:9	10762154137599119567	2015302624684198332
seven-stack-wraps	play	7,135	-1	ok	2,3,4,6,8,9,10,11,12,13,14,66,67,68,69,70,71,72,74,75,76,77,78,130,131,132,133,134,136,137,138,139,140,142,194,195,196,197,198,199,200,201,202,203,204,205,206;5;7,135,73/141;0;1;0;0;-1;0,0;-;9;42;-	2,3,4,6,8,9,10,11,12,13,14,66,67,68,69,70,71,72,74,75,76,77,78,130,131,132,133,134,136,137,138,139,140,142,194,195,196,197,198,199,200,201,202,203,204,205,206;5,7,135;73/141;1;1;0;0;-1;0,0;-;10;42;0:1:1:9,0:1:1:9	2540507244077394171	8972795930756043531
seven-counter	play	7	-1	ok	2,3,4,5,6,8,9,10,11,12,13,14,66,67,68,69,70,71,72,74,75,76,77,78,130,131,132,133,134,135,136,137,138,139,140,142,194,195,196,197,198,200,201,202,203,204,205,206;199;7,73/141;0;1;0;1;-1;0,0;-;9;42;-	2,3,4,5,6,8,9,10,11,12,13,14,66,67,68,69,70,71,72,74,75,76,77,78,130,131,132,133,134,135,136,137,138,139,140,142,194,195,196,197,198,200,201,202,203,204,205,206;199,7;73/141;1;1;0;0;-1;0,0;-;10;42;0:1:1:9	12629628177938550812	12248959858452538155
finish-ordinary	play	9	-1	ok	2,3,4,6,7,8,10,11,12,13,14,66,67,68,69,70,71,72,73,74,75,76,77,78,130,131,132,133,134,135,136,137,138,139,140,142,194,195,196,197,198,199,200,201,202,203,204,205,206;5;9/141;0;1;0;0;-1;0,0;-;9;42;-	2,3,4,6,7,8,10,11,12,13,14,66,67,68,69,70,71,72,73,74,75,76,77,78,130,131,132,133,134,135,136,137,138,139,140,142,194,195,196,197,198,199,200,201,202,203,204,205,206;5,9;-/141;1;1;0;0;-1;1,0;0;10;42;-	12945779930730657861	16567926178372875099
finish-queen	play	12	-1	ok	2,3,4,6,7,8,9,10,11,13,14,66,67,68,69,70,71,72,73,74,75,76,77,78,130,131,132,133,134,135,136,137,138,139,140,142,194,195,196,197,198,199,200,201,202,203,204,205,206;5;12/141;0;1;0;0;-1;0,0;-;9;42;-	2,3,4,6,7,8,9,10,11,13,14,66,67,68,69,70,71,72,73,74,75,76,77,78,130,131,132,133,134,135,136,137,138,139,140,142,194,195,196,197,198,199,200,201,202,203,204,205,206;5,12;-/141;1;-1;0;0;-1;1,0;0;10;42;-	10155947348186017047	6832740714519063226
finish-seven	play	7	-1	ok	2,3,4,6,8,9,10,11,12,13,14,66,67,68,69,70,71,72,73,74,75,76,77,78,130,131,132,133,134,135,136,137,138,139,140,142,194,195,196,197,198,199,200,201,202,203,204,205,206;5;7/141;0;1;0;0;-1;0,0;-;9;42;-	2,3,4,6,8,9,10,11,12,13,14,66,67,68,69,70,71,72,73,74,75,76,77,78,130,131,132,133,134,135,136,137,138,139,140,142,194,195,196,197,198,199,200,201,202,203,204,205,206;5,7;-/141;1;1;0;1;-1;1,0;0;10;42;0:1:1:9	18153641831472812523	2996506772177617906
finish-two	play	2	-1	ok	3,4,6,7,8,9,10,11,12,13,14,66,67,68,69,70,71,72,73,74,75,76,77,78,130,131,132,133,134,135,136,137,138,139,140,142,194,195,196,197,198,199,200,201,202,203,204,205,206;5;2/141;0;1;0;0;-1;0,0;-;9;42;-	3,4,6,7,8,9,10,11,12,13,14,66,67,68,69,70,71,72,73,74,75,76,77,78,130,131,132,133,134,135,136,137,138,139,140,142,194,195,196,197,198,199,200,201,202,203,204,205,206;5,2;-/141;1;1;2;0;-1;1,0;0;10;42;0:1:2:9	5781434527776046755	4026876046554128782
follow-nomination	play	132	-1	ok	2,3,4,5,6,7,8,9,10,11,12,13,66,67,68,69,70,71,72,74,75,76,77,78,130,131,133,134,135,136,137,138,139,140,142,194,195,196,197,198,199,200,201,202,203,204,205,206;14;132,73/141;0;1;0;0;2;0,0;-;9;42;-	2,3,4,5,6,7,8,9,10,11,12,13,66,67,68,69,70,71,72,74,75,76,77,78,130,131,133,134,135,136,137,138,139,140,142,194,195,196,197,198,199,200,201,202,203,204,205,206;14,132;73/141;1;1;0;0;-1;0,0;-;10;42;-	7450665191377866276	15142061645980214901
reject-old-suit	play	73	-1	invalid_play	2,3,4,5,6,7,8,9,10,11,12,13,66,67,68,69,70,71,72,74,75,76,77,78,130,131,133,134,135,136,137,138,139,140,142,194,195,196,197,198,199,200,201,202,203,204,205,206;14;132,73/141;0;1;0;0;2;0,0;-;9;42;-	2,3,4,5,6,7,8,9,10,11,12,13,66,67,68,69,70,71,72,74,75,76,77,78,130,131,133,134,135,136,137,138,139,140,142,194,195,196,197,198,199,200,201,202,203,204,205,206;14;132,73/141;0;1;0;0;2;0,0;-;9;42;-	7450665191377866276	7450665191377866276
ordinary-draw	draw	-	-1	ok	2,3,4,6,7,8,9,10,11,12,13,14,66,67,68,69,70,71,72,73,74,75,76,77,78,130,132,133,134,135,136,137,138,139,140,142,194,195,196,197,198,199,200,201,202,203,204,205,206;5;131/141;0;1;0;0;-1;0,0;-;9;42;-	3,4,6,7,8,9,10,11,12,13,14,66,67,68,69,70,71,72,73,74,75,76,77,78,130,132,133,134,135,136,137,138,139,140,142,194,195,196,197,198,199,200,201,202,203,204,205,206;5;131,2/141;1;1;0;0;-1;0,0;-;10;42;-	7037036407223039043	8595186709245255059
draw-two-penalty	draw	-	-1	ok	3,4,5,6,7,8,9,10,11,12,13,14,66,67,68,69,70,71,72,74,75,76,77,78,130,131,132,133,134,135,136,137,138,139,140,142,194,195,196,197,198,199,200,201,202,203,204,205,206;2;73/141;0;1;4;0;-1;0,0;-;9;42;-	7,8,9,10,11,12,13,14,66,67,68,69,70,71,72,74,75,76,77,78,130,131,132,133,134,135,136,137,138,139,140,142,194,195,196,197,198,199,200,201,202,203,204,205,206;2;73,3,4,5,6/141;1;1;0;0;-1;0,0;-;10;42;-	13825881244573280855	1260944670463261173
draw-jack-penalty	draw	-	-1	ok	2,3,4,5,6,7,8,9,10,11,12,13,14,66,67,68,69,70,71,72,74,75,76,77,78,130,131,132,133,134,135,136,137,138,139,140,142,194,195,196,197,198,199,200,201,202,204,205,206;203;73/141;0;1;10;0;-1;0,0;-;9;42;-	12,13,14,66,67,68,69,70,71,72,74,75,76,77,78,130,131,132,133,134,135,136,137,138,139,140,142,194,195,196,197,198,199,200,201,202,204,205,206;203;73,2,3,4,5,6,7,8,9,10,11/141;1;1;0;0;-1;0,0;-;10;42;-	16881528645397121017	5566381762664652911
draw-red-jack-residue	draw	-	-1	ok	2,3,4,5,6,7,8,9,10,12,13,14,66,67,68,69,70,71,72,74,75,76,77,78,130,131,132,133,134,135,136,137,138,140,142,194,195,196,197,198,199,200,201,202,203,204,205,206;11;139,73/141;0;1;5;0;-1;0,0;-;9;42;-	7,8,9,10,12,13,14,66,67,68,69,70,71,72,74,75,76,77,78,130,131,132,133,134,135,136,137,138,140,142,194,195,196,197,198,199,200,201,202,203,204,205,206;11;139,73,2,3,4,5,6/141;1;1;0;0;-1;0,0;-;10;42;-	13651232143396072558	11261267431171194167
reshuffle-empty	draw	-	-1	ok	-;3,4,5,6,7,8,9,10,11,12,13,14,66,67,68,69,70,71,72,74,75,76,77,78,130,131,132,133,134,135,136,137,138,139,140,142,194,195,196,197,198,199,200,201,202,203,204,205,206,2;73/141;0;1;5;0;-1;0,0;-;9;42;-	200,4,138,3,199,142,67,14,139,71,204,69,194,68,132,201,72,130,196,75,134,11,140,197,77,135,76,202,131,13,8,10,203,12,195,78,136,9,205,133,7,66,137,74;2;73,198,206,70,6,5/141;1;1;0;0;-1;0,0;-;10;11858767958188640342;-	15439696090851337466	10770067164469436338
reshuffle-partway	draw	-	-1	ok	3,4;5,6,7,8,9,10,11,12,13,14,66,67,68,69,70,71,72,74,75,76,77,78,130,131,132,133,134,135,136,137,138,139,140,142,194,195,196,197,198,199,200,201,202,203,204,205,206,2;73/141;0;1;5;0;-1;0,0;-;9;42;-	8,195,134,138,202,78,139,77,69,133,131,6,204,74,205,130,70,196,10,67,9,200,5,140,68,13,197,137,71,12,76,75,132,198,135,201,194,11,14,136,72,199,142,206;2;73,3,4,7,203,66/141;1;1;0;0;-1;0,0;-;10;14884023198524874063;-	3650153962012086930	15233046920350771681
reshuffle-zero-seed	draw	-	-1	ok	-;3,4,5,6,7,8,9,10,11,12,13,14,66,67,68,69,70,71,72,74,75,76,77,78,130,131,132,133,134,135,136,137,138,139,140,142,194,195,196,197,198,199,200,201,202,203,204,205,206,2;73/141;0;1;5;0;-1;0,0;-;9;0;-	67,9,3,142,74,201,197,78,68,203,132,13,10,195,4,11,199,71,137,134,7,131,205,140,12,135,5,194,76,66,70,198,206,72,139,77,136,196,130,69,138,6,204,133;2;73,75,200,8,202,14/141;1;1;0;0;-1;0,0;-;10;6858536803923687681;-	15439720280107158108	6863745791417143086
draw-insufficient-cards	draw	-	-1	ok	131;2;73/141;0;1;5;0;-1;0,0;-;9;42;-	-;2;73,131/141;1;1;0;0;-1;0,0;-;10;42;-	12508110701758294945	5105808797655358304
reject-ordinary-draw	draw	-	-1	must_play_if_able	2,3,4,6,7,8,10,11,12,13,14,66,67,68,69,70,71,72,73,74,75,76,77,78,130,131,132,133,134,135,136,137,138,139,140,142,194,195,196,197,198,199,200,201,202,203,204,205,206;5;9/141;0;1;0;0;-1;0,0;-;9;42;-	2,3,4,6,7,8,10,11,12,13,14,66,67,68,69,70,71,72,73,74,75,76,77,78,130,131,132,133,134,135,136,137,138,139,140,142,194,195,196,197,198,199,200,201,202,203,204,205,206;5;9/141;0;1;0;0;-1;0,0;-;9;42;-	12945779930730657861	12945779930730657861
reject-draw-with-two	draw	-	-1	must_play_if_able	3,4,5,6,7,8,9,10,11,12,13,14,66,67,68,69,70,71,72,74,75,76,77,78,131,132,133,134,135,136,137,138,139,140,142,194,195,196,197,198,199,200,201,202,203,204,205,206;2;130,73/141;0;1;2;0;-1;0,0;-;9;42;-	3,4,5,6,7,8,9,10,11,12,13,14,66,67,68,69,70,71,72,74,75,76,77,78,131,132,133,134,135,136,137,138,139,140,142,194,195,196,197,198,199,200,201,202,203,204,205,206;2;130,73/141;0;1;2;0;-1;0,0;-;9;42;-	11944429824506224527	11944429824506224527
reject-draw-with-black-jack	draw	-	-1	must_play_if_able	2,3,4,5,6,7,8,9,10,11,12,13,14,66,67,68,69,70,71,72,74,75,76,77,78,130,131,132,133,134,135,136,137,138,140,142,194,195,196,197,198,199,200,201,202,204,205,206;203;139,73/141;0;1;5;0;-1;0,0;-;9;42;-	2,3,4,5,6,7,8,9,10,11,12,13,14,66,67,68,69,70,71,72,74,75,76,77,78,130,131,132,133,134,135,136,137,138,140,142,194,195,196,197,198,199,200,201,202,204,205,206;203;139,73/141;0;1;5;0;-1;0,0;-;9;42;-	6061362105292638856	6061362105292638856
reject-draw-with-red-jack	draw	-	-1	must_play_if_able	2,3,4,5,6,7,8,9,10,12,13,14,66,67,68,69,70,71,72,74,75,76,77,78,130,131,132,133,134,135,136,137,138,139,140,142,194,195,196,197,198,199,200,201,202,204,205,206;203;11,73/141;0;1;10;0;-1;0,0;-;9;42;-	2,3,4,5,6,7,8,9,10,12,13,14,66,67,68,69,70,71,72,74,75,76,77,78,130,131,132,133,134,135,136,137,138,139,140,142,194,195,196,197,198,199,200,201,202,204,205,206;203;11,73/141;0;1;10;0;-1;0,0;-;9;42;-	5576190048117695143	5576190048117695143
reject-draw-with-seven	draw	-	-1	must_play_if_able	2,3,4,5,6,8,9,10,11,12,13,14,66,67,68,69,70,71,72,74,75,76,77,78,130,131,132,133,134,136,137,138,139,140,142,194,195,196,197,198,199,200,201,202,203,204,205,206;7;135,73/141;0;1;0;2;-1;0,0;-;9;42;-	2,3,4,5,6,8,9,10,11,12,13,14,66,67,68,69,70,71,72,74,75,76,77,78,130,131,132,133,134,136,137,138,139,140,142,194,195,196,197,198,199,200,201,202,203,204,205,206;7;135,73/141;0;1;0;2;-1;0,0;-;9;42;-	896955361423768497	896955361423768497
reject-ace-without-nomination	play	14	-1	must_nominate_suit	2,3,4,6,7,8,9,10,11,12,13,66,67,68,69,70,71,72,74,75,76,77,78,130,131,132,133,134,135,136,137,138,139,140,142,194,195,196,197,198,199,200,201,202,203,204,205,206;5;14,73/141;0;1;0;0;-1;0,0;-;9;42;-	2,3,4,6,7,8,9,10,11,12,13,66,67,68,69,70,71,72,74,75,76,77,78,130,131,132,133,134,135,136,137,138,139,140,142,194,195,196,197,198,199,200,201,202,203,204,205,206;5;14,73/141;0;1;0;0;-1;0,0;-;9;42;-	6879704844737197685	6879704844737197685
reject-non-ace-nomination	play	9	2	cannot_nominate_suit	2,3,4,6,7,8,10,11,12,13,14,66,67,68,69,70,71,72,74,75,76,77,78,130,131,132,133,134,135,136,137,138,139,140,142,194,195,196,197,198,199,200,201,202,203,204,205,206;5;9,73/141;0;1;0;0;-1;0,0;-;9;42;-	2,3,4,6,7,8,10,11,12,13,14,66,67,68,69,70,71,72,74,75,76,77,78,130,131,132,133,134,135,136,137,138,139,140,142,194,195,196,197,198,199,200,201,202,203,204,205,206;5;9,73/141;0;1;0;0;-1;0,0;-;9;42;-	11418537469113819447	11418537469113819447
reject-duplicate-card	play	9,9	-1	card_not_in_hand	2,3,4,6,7,8,10,11,12,13,14,66,67,68,69,70,71,72,74,75,76,77,78,130,131,132,133,134,135,136,137,138,139,140,142,194,195,196,197,198,199,200,201,202,203,204,205,206;5;9,73/141;0;1;0;0;-1;0,0;-;9;42;-	2,3,4,6,7,8,10,11,12,13,14,66,67,68,69,70,71,72,74,75,76,77,78,130,131,132,133,134,135,136,137,138,139,140,142,194,195,196,197,198,199,200,201,202,203,204,205,206;5;9,73/141;0;1;0;0;-1;0,0;-;9;42;-	11418537469113819447	11418537469113819447
reject-absent-card	play	13	-1	card_not_in_hand	2,3,4,6,7,8,10,11,12,13,14,66,67,68,69,70,71,72,74,75,76,77,78,130,131,132,133,134,135,136,137,138,139,140,142,194,195,196,197,198,199,200,201,202,203,204,205,206;5;9,73/141;0;1;0;0;-1;0,0;-;9;42;-	2,3,4,6,7,8,10,11,12,13,14,66,67,68,69,70,71,72,74,75,76,77,78,130,131,132,133,134,135,136,137,138,139,140,142,194,195,196,197,198,199,200,201,202,203,204,205,206;5;9,73/141;0;1;0;0;-1;0,0;-;9;42;-	11418537469113819447	11418537469113819447
reject-mixed-rank	play	9,13	-1	invalid_play	2,3,4,6,7,8,10,11,12,14,66,67,68,69,70,71,72,73,74,75,76,77,78,130,131,132,133,134,135,136,137,138,139,140,142,194,195,196,197,198,199,200,201,202,203,204,205,206;5;9,13/141;0;1;0;0;-1;0,0;-;9;42;-	2,3,4,6,7,8,10,11,12,14,66,67,68,69,70,71,72,73,74,75,76,77,78,130,131,132,133,134,135,136,137,138,139,140,142,194,195,196,197,198,199,200,201,202,203,204,205,206;5;9,13/141;0;1;0;0;-1;0,0;-;9;42;-	12861403211216085629	12861403211216085629
reject-empty-play	play	-	-1	invalid_play	2,3,4,6,7,8,10,11,12,13,14,66,67,68,69,70,71,72,74,75,76,77,78,130,131,132,133,134,135,136,137,138,139,140,142,194,195,196,197,198,199,200,201,202,203,204,205,206;5;9,73/141;0;1;0;0;-1;0,0;-;9;42;-	2,3,4,6,7,8,10,11,12,13,14,66,67,68,69,70,71,72,74,75,76,77,78,130,131,132,133,134,135,136,137,138,139,140,142,194,195,196,197,198,199,200,201,202,203,204,205,206;5;9,73/141;0;1;0;0;-1;0,0;-;9;42;-	11418537469113819447	11418537469113819447
reject-play-after-finish	play	133	-1	game_already_over	2,3,4,6,7,8,9,10,11,12,13,14,66,67,68,69,70,71,72,73,74,75,76,77,78,130,131,132,134,135,136,137,138,139,140,141,142,194,195,196,197,198,199,200,201,202,203,204,205,206;5;-/133;1;1;0;0;-1;1,0;0;9;42;-	2,3,4,6,7,8,9,10,11,12,13,14,66,67,68,69,70,71,72,73,74,75,76,77,78,130,131,132,134,135,136,137,138,139,140,141,142,194,195,196,197,198,199,200,201,202,203,204,205,206;5;-/133;1;1;0;0;-1;1,0;0;9;42;-	7328070534652903918	7328070534652903918
reject-draw-after-finish	draw	-	-1	game_already_over	2,3,4,6,7,8,9,10,11,12,13,14,66,67,68,69,70,71,72,73,74,75,76,77,78,130,131,132,134,135,136,137,138,139,140,141,142,194,195,196,197,198,199,200,201,202,203,204,205,206;5;-/131;1;1;0;0;-1;1,0;0;9;42;-	2,3,4,6,7,8,9,10,11,12,13,14,66,67,68,69,70,71,72,73,74,75,76,77,78,130,131,132,134,135,136,137,138,139,140,141,142,194,195,196,197,198,199,200,201,202,203,204,205,206;5;-/131;1;1;0;0;-1;1,0;0;9;42;-	7158812029627291892	7158812029627291892
seed-7-turn-0	play	13	-1	ok	8,71,70,197,200,69,7,77,136,141,142,12,140,137,6,78,202,134,205,206,3,68,75,199,195,203,135,76,139,5,194,74,138,14,198,11,9;4;13,130,133,10,196,67,73/132,66,204,2,131,72,201;0;1;0;0;-1;0,0;-;0;15736075212033010566;-	8,71,70,197,200,69,7,77,136,141,142,12,140,137,6,78,202,134,205,206,3,68,75,199,195,203,135,76,139,5,194,74,138,14,198,11,9;4,13;130,133,10,196,67,73/132,66,204,2,131,72,201;1;1;0;0;-1;0,0;-;1;15736075212033010566;-	6202556382322210631	7211650763753161375
seed-7-turn-1	play	2,66	-1	ok	8,71,70,197,200,69,7,77,136,141,142,12,140,137,6,78,202,134,205,206,3,68,75,199,195,203,135,76,139,5,194,74,138,14,198,11,9;4,13;130,133,10,196,67,73/132,66,204,2,131,72,201;1;1;0;0;-1;0,0;-;1;15736075212033010566;-	8,71,70,197,200,69,7,77,136,141,142,12,140,137,6,78,202,134,205,206,3,68,75,199,195,203,135,76,139,5,194,74,138,14,198,11,9;4,13,2,66;130,133,10,196,67,73/132,204,131,72,201;0;1;4;0;-1;0,0;-;2;15736075212033010566;1:0:2:1,1:0:2:1	7211650763753161375	11576712434794265567
seed-7-turn-2	play	130	-1	ok	8,71,70,197,200,69,7,77,136,141,142,12,140,137,6,78,202,134,205,206,3,68,75,199,195,203,135,76,139,5,194,74,138,14,198,11,9;4,13,2,66;130,133,10,196,67,73/132,204,131,72,201;0;1;4;0;-1;0,0;-;2;15736075212033010566;1:0:2:1,1:0:2:1	8,71,70,197,200,69,7,77,136,141,142,12,140,137,6,78,202,134,205,206,3,68,75,199,195,203,135,76,139,5,194,74,138,14,198,11,9;4,13,2,66,130;133,10,196,67,73/132,204,131,72,201;1;1;6;0;-1;0,0;-;3;15736075212033010566;1:0:2:1,1:0:2:1,0:1:2:2	11576712434794265567	9621983680184963777
seed-7-turn-3	draw	-	-1	ok	8,71,70,197,200,69,7,77,136,141,142,12,140,137,6,78,202,134,205,206,3,68,75,199,195,203,135,76,139,5,194,74,138,14,198,11,9;4,13,2,66,130;133,10,196,67,73/132,204,131,72,201;1;1;6;0;-1;0,0;-;3;15736075212033010566;1:0:2:1,1:0:2:1,0:1:2:2	7,77,136,141,142,12,140,137,6,78,202,134,205,206,3,68,75,199,195,203,135,76,139,5,194,74,138,14,198,11,9;4,13,2,66,130;133,10,196,67,73/132,204,131,72,201,8,71,70,197,200,69;0;1;0;0;-1;0,0;-;4;15736075212033010566;1:0:2:1,1:0:2:1,0:1:2:2	9621983680184963777	7736797765959159907
seed-7-turn-4	play	133	-1	ok	7,77,136,141,142,12,140,137,6,78,202,134,205,206,3,68,75,199,195,203,135,76,139,5,194,74,138,14,198,11,9;4,13,2,66,130;133,10,196,67,73/132,204,131,72,201,8,71,70,197,200,69;0;1;0;0;-1;0,0;-;4;15736075212033010566;1:0:2:1,1:0:2:1,0:1:2:2	7,77,136,141,142,12,140,137,6,78,202,134,205,206,3,68,75,199,195,203,135,76,139,5,194,74,138,14,198,11,9;4,13,2,66,130,133;10,196,67,73/132,204,131,72,201,8,71,70,197,200,69;1;1;0;0;-1;0,0;-;5;15736075212033010566;1:0:2:1,1:0:2:1,0:1:2:2	7736797765959159907	14399691102548210331
seed-7-turn-5	play	132	-1	ok	7,77,136,141,142,12,140,137,6,78,202,134,205,206,3,68,75,199,195,203,135,76,139,5,194,74,138,14,198,11,9;4,13,2,66,130,133;10,196,67,73/132,204,131,72,201,8,71,70,197,200,69;1;1;0;0;-1;0,0;-;5;15736075212033010566;1:0:2:1,1:0:2:1,0:1:2:2	7,77,136,141,142,12,140,137,6,78,202,134,205,206,3,68,75,199,195,203,135,76,139,5,194,74,138,14,198,11,9;4,13,2,66,130,133,132;10,196,67,73/204,131,72,201,8,71,70,197,200,69;0;1;0;0;-1;0,0;-;6;15736075212033010566;1:0:2:1,1:0:2:1,0:1:2:2	14399691102548210331	8240412503926119635
seed-7-turn-6	play	196	-1	ok	7,77,136,141,142,12,140,137,6,78,202,134,205,206,3,68,75,199,195,203,135,76,139,5,194,74,138,14,198,11,9;4,13,2,66,130,133,132;10,196,67,73/204,131,72,201,8,71,70,197,200,69;0;1;0;0;-1;0,0;-;6;15736075212033010566;1:0:2:1,1:0:2:1,0:1:2:2	7,77,136,141,142,12,140,137,6,78,202,134,205,206,3,68,75,199,195,203,135,76,139,5,194,74,138,14,198,11,9;4,13,2,66,130,133,132,196;10,67,73/204,131,72,201,8,71,70,197,200,69;1;1;0;0;-1;0,0;-;7;15736075212033010566;1:0:2:1,1:0:2:1,0:1:2:2	8240412503926119635	5592382840465870411
seed-7-turn-7	play	204	-1	ok	7,77,136,141,142,12,140,137,6,78,202,134,205,206,3,68,75,199,195,203,135,76,139,5,194,74,138,14,198,11,9;4,13,2,66,130,133,132,196;10,67,73/204,131,72,201,8,71,70,197,200,69;1;1;0;0;-1;0,0;-;7;15736075212033010566;1:0:2:1,1:0:2:1,0:1:2:2	7,77,136,141,142,12,140,137,6,78,202,134,205,206,3,68,75,199,195,203,135,76,139,5,194,74,138,14,198,11,9;4,13,2,66,130,133,132,196,204;10,67,73/131,72,201,8,71,70,197,200,69;0;-1;0;0;-1;0,0;-;8;15736075212033010566;1:0:2:1,1:0:2:1,0:1:2:2	5592382840465870411	16171758626734884882
seed-7-turn-8	draw	-	-1	ok	7,77,136,141,142,12,140,137,6,78,202,134,205,206,3,68,75,199,195,203,135,76,139,5,194,74,138,14,198,11,9;4,13,2,66,130,133,132,196,204;10,67,73/131,72,201,8,71,70,197,200,69;0;-1;0;0;-1;0,0;-;8;15736075212033010566;1:0:2:1,1:0:2:1,0:1:2:2	77,136,141,142,12,140,137,6,78,202,134,205,206,3,68,75,199,195,203,135,76,139,5,194,74,138,14,198,11,9;4,13,2,66,130,133,132,196,204;10,67,73,7/131,72,201,8,71,70,197,200,69;1;-1;0;0;-1;0,0;-;9;15736075212033010566;1:0:2:1,1:0:2:1,0:1:2:2	16171758626734884882	15809054178326087154
seed-7-turn-9	play	201	-1	ok	77,136,141,142,12,140,137,6,78,202,134,205,206,3,68,75,199,195,203,135,76,139,5,194,74,138,14,198,11,9;4,13,2,66,130,133,132,196,204;10,67,73,7/131,72,201,8,71,70,197,200,69;1;-1;0;0;-1;0,0;-;9;15736075212033010566;1:0:2:1,1:0:2:1,0:1:2:2	77,136,141,142,12,140,137,6,78,202,134,205,206,3,68,75,199,195,203,135,76,139,5,194,74,138,14,198,11,9;4,13,2,66,130,133,132,196,204,201;10,67,73,7/131,72,8,71,70,197,200,69;0;-1;0;0;-1;0,0;-;10;15736075212033010566;1:0:2:1,1:0:2:1,0:1:2:2	15809054178326087154	6388828768152801348
seed-7-turn-10	play	73	-1	ok	77,136,141,142,12,140,137,6,78,202,134,205,206,3,68,75,199,195,203,135,76,139,5,194,74,138,14,198,11,9;4,13,2,66,130,133,132,196,204,201;10,67,73,7/131,72,8,71,70,197,200,69;0;-1;0;0;-1;0,0;-;10;15736075212033010566;1:0:2:1,1:0:2:1,0:1:2:2	77,136,141,142,12,140,137,6,78,202,134,205,206,3,68,75,199,195,203,135,76,139,5,194,74,138,14,198,11,9;4,13,2,66,130,133,132,196,204,201,73;10,67,7/131,72,8,71,70,197,200,69;1;-1;0;0;-1;0,0;-;11;15736075212033010566;1:0:2:1,1:0:2:1,0:1:2:2	6388828768152801348	14593387234538956986
seed-7-turn-11	play	72,8,200	-1	ok	77,136,141,142,12,140,137,6,78,202,134,205,206,3,68,75,199,195,203,135,76,139,5,194,74,138,14,198,11,9;4,13,2,66,130,133,132,196,204,201,73;10,67,7/131,72,8,71,70,197,200,69;1;-1;0;0;-1;0,0;-;11;15736075212033010566;1:0:2:1,1:0:2:1,0:1:2:2	77,136,141,142,12,140,137,6,78,202,134,205,206,3,68,75,199,195,203,135,76,139,5,194,74,138,14,198,11,9;4,13,2,66,130,133,132,196,204,201,73,72,8,200;10,67,7/131,71,70,197,69;0;-1;0;0;-1;0,0;-;12;15736075212033010566;1:0:2:1,1:0:2:1,0:1:2:2	14593387234538956986	4082489269207853380
seed-7-turn-12	draw	-	-1	ok	77,136,141,142,12,140,137,6,78,202,134,205,206,3,68,75,199,195,203,135,76,139,5,194,74,138,14,198,11,9;4,13,2,66,130,133,132,196,204,201,73,72,8,200;10,67,7/131,71,70,197,69;0;-1;0;0;-1;0,0;-;12;15736075212033010566;1:0:2:1,1:0:2:1,0:1:2:2	136,141,142,12,140,137,6,78,202,134,205,206,3,68,75,199,195,203,135,76,139,5,194,74,138,14,198,11,9;4,13,2,66,130,133,132,196,204,201,73,72,8,200;10,67,7,77/131,71,70,197,69;1;-1;0;0;-1;0,0;-;13;15736075212033010566;1:0:2:1,1:0:2:1,0:1:2:2	4082489269207853380	14287986159643139270
seed-7-turn-13	play	197,69	-1	ok	136,141,142,12,140,137,6,78,202,134,205,206,3,68,75,199,195,203,135,76,139,5,194,74,138,14,198,11,9;4,13,2,66,130,133,132,196,204,201,73,72,8,200;10,67,7,77/131,71,70,197,69;1;-1;0;0;-1;0,0;-;13;15736075212033010566;1:0:2:1,1:0:2:1,0:1:2:2	136,141,142,12,140,137,6,78,202,134,205,206,3,68,75,199,195,203,135,76,139,5,194,74,138,14,198,11,9;4,13,2,66,130,133,132,196,204,201,73,72,8,200,197,69;10,67,7,77/131,71,70;0;-1;0;0;-1;0,0;-;14;15736075212033010566;1:0:2:1,1:0:2:1,0:1:2:2	14287986159643139270	13282515078982789016
seed-7-turn-14	play	67	-1	ok	136,141,142,12,140,137,6,78,202,134,205,206,3,68,75,199,195,203,135,76,139,5,194,74,138,14,198,11,9;4,13,2,66,130,133,132,196,204,201,73,72,8,200,197,69;10,67,7,77/131,71,70;0;-1;0;0;-1;0,0;-;14;15736075212033010566;1:0:2:1,1:0:2:1,0:1:2:2	136,141,142,12,140,137,6,78,202,134,205,206,3,68,75,199,195,203,135,76,139,5,194,74,138,14,198,11,9;4,13,2,66,130,133,132,196,204,201,73,72,8,200,197,69,67;10,7,77/131,71,70;1;-1;0;0;-1;0,0;-;15;15736075212033010566;1:0:2:1,1:0:2:1,0:1:2:2	13282515078982789016	192196396981362210
seed-7-turn-15	play	131	-1	ok	136,141,142,12,140,137,6,78,202,134,205,206,3,68,75,199,195,203,135,76,139,5,194,74,138,14,198,11,9;4,13,2,66,130,133,132,196,204,201,73,72,8,200,197,69,67;10,7,77/131,71,70;1;-1;0;0;-1;0,0;-;15;15736075212033010566;1:0:2:1,1:0:2:1,0:1:2:2	136,141,142,12,140,137,6,78,202,134,205,206,3,68,75,199,195,203,135,76,139,5,194,74,138,14,198,11,9;4,13,2,66,130,133,132,196,204,201,73,72,8,200,197,69,67,131;10,7,77/71,70;0;-1;0;0;-1;0,0;-;16;15736075212033010566;1:0:2:1,1:0:2:1,0:1:2:2	192196396981362210	18398377329078202858
seed-7-turn-16	draw	-	-1	ok	136,141,142,12,140,137,6,78,202,134,205,206,3,68,75,199,195,203,135,76,139,5,194,74,138,14,198,11,9;4,13,2,66,130,133,132,196,204,201,73,72,8,200,197,69,67,131;10,7,77/71,70;0;-1;0;0;-1;0,0;-;16;15736075212033010566;1:0:2:1,1:0:2:1,0:1:2:2	141,142,12,140,137,6,78,202,134,205,206,3,68,75,199,195,203,135,76,139,5,194,74,138,14,198,11,9;4,13,2,66,130,133,132,196,204,201,73,72,8,200,197,69,67,131;10,7,77,136/71,70;1;-1;0;0;-1;0,0;-;17;15736075212033010566;1:0:2:1,1:0:2:1,0:1:2:2	18398377329078202858	4573918841144032200
seed-7-turn-17	draw	-	-1	ok	141,142,12,140,137,6,78,202,134,205,206,3,68,75,199,195,203,135,76,139,5,194,74,138,14,198,11,9;4,13,2,66,130,133,132,196,204,201,73,72,8,200,197,69,67,131;10,7,77,136/71,70;1;-1;0;0;-1;0,0;-;17;15736075212033010566;1:0:2:1,1:0:2:1,0:1:2:2	142,12,140,137,6,78,202,134,205,206,3,68,75,199,195,203,135,76,139,5,194,74,138,14,198,11,9;4,13,2,66,130,133,132,196,204,201,73,72,8,200,197,69,67,131;10,7,77,136/71,70,141;0;-1;0;0;-1;0,0;-;18;15736075212033010566;1:0:2:1,1:0:2:1,0:1:2:2	4573918841144032200	15415754862930804306
seed-7-turn-18	play	136	-1	ok	142,12,140,137,6,78,202,134,205,206,3,68,75,199,195,203,135,76,139,5,194,74,138,14,198,11,9;4,13,2,66,130,133,132,196,204,201,73,72,8,200,197,69,67,131;10,7,77,136/71,70,141;0;-1;0;0;-1;0,0;-;18;15736075212033010566;1:0:2:1,1:0:2:1,0:1:2:2	142,12,140,137,6,78,202,134,205,206,3,68,75,199,195,203,135,76,139,5,194,74,138,14,198,11,9;4,13,2,66,130,133,132,196,204,201,73,72,8,200,197,69,67,131,136;10,7,77/71,70,141;1;-1;0;0;-1;0,0;-;19;15736075212033010566;1:0:2:1,1:0:2:1,0:1:2:2	15415754862930804306	18189722539362715094
seed-7-turn-19	play	141	-1	ok	142,12,140,137,6,78,202,134,205,206,3,68,75,199,195,203,135,76,139,5,194,74,138,14,198,11,9;4,13,2,66,130,133,132,196,204,201,73,72,8,200,197,69,67,131,136;10,7,77/71,70,141;1;-1;0;0;-1;0,0;-;19;15736075212033010566;1:0:2:1,1:0:2:1,0:1:2:2	142,12,140,137,6,78,202,134,205,206,3,68,75,199,195,203,135,76,139,5,194,74,138,14,198,11,9;4,13,2,66,130,133,132,196,204,201,73,72,8,200,197,69,67,131,136,141;10,7,77/71,70;0;-1;0;0;-1;0,0;-;20;15736075212033010566;1:0:2:1,1:0:2:1,0:1:2:2	18189722539362715094	16266966990628578860
seed-7-turn-20	play	77	-1	ok	142,12,140,137,6,78,202,134,205,206,3,68,75,199,195,203,135,76,139,5,194,74,138,14,198,11,9;4,13,2,66,130,133,132,196,204,201,73,72,8,200,197,69,67,131,136,141;10,7,77/71,70;0;-1;0;0;-1;0,0;-;20;15736075212033010566;1:0:2:1,1:0:2:1,0:1:2:2	142,12,140,137,6,78,202,134,205,206,3,68,75,199,195,203,135,76,139,5,194,74,138,14,198,11,9;4,13,2,66,130,133,132,196,204,201,73,72,8,200,197,69,67,131,136,141,77;10,7/71,70;1;-1;0;0;-1;0,0;-;21;15736075212033010566;1:0:2:1,1:0:2:1,0:1:2:2	16266966990628578860	8485778621866708630
seed-7-turn-21	play	71	-1	ok	142,12,140,137,6,78,202,134,205,206,3,68,75,199,195,203,135,76,139,5,194,74,138,14,198,11,9;4,13,2,66,130,133,132,196,204,201,73,72,8,200,197,69,67,131,136,141,77;10,7/71,70;1;-1;0;0;-1;0,0;-;21;15736075212033010566;1:0:2:1,1:0:2:1,0:1:2:2	142,12,140,137,6,78,202,134,205,206,3,68,75,199,195,203,135,76,139,5,194,74,138,14,198,11,9;4,13,2,66,130,133,132,196,204,201,73,72,8,200,197,69,67,131,136,141,77,71;10,7/70;0;-1;0;1;-1;0,0;-;22;15736075212033010566;1:0:2:1,1:0:2:1,0:1:2:2,1:0:1:21	8485778621866708630	8788790311132659651
seed-7-turn-22	play	7	-1	ok	142,12,140,137,6,78,202,134,205,206,3,68,75,199,195,203,135,76,139,5,194,74,138,14,198,11,9;4,13,2,66,130,133,132,196,204,201,73,72,8,200,197,69,67,131,136,141,77,71;10,7/70;0;-1;0;1;-1;0,0;-;22;15736075212033010566;1:0:2:1,1:0:2:1,0:1:2:2,1:0:1:21	142,12,140,137,6,78,202,134,205,206,3,68,75,199,195,203,135,76,139,5,194,74,138,14,198,11,9;4,13,2,66,130,133,132,196,204,201,73,72,8,200,197,69,67,131,136,141,77,71,7;10/70;1;-1;0;0;-1;0,0;-;23;15736075212033010566;1:0:2:1,1:0:2:1,0:1:2:2,1:0:1:21,0:1:1:22	8788790311132659651	16967332826940094041
seed-7-turn-23	draw	-	-1	ok	142,12,140,137,6,78,202,134,205,206,3,68,75,199,195,203,135,76,139,5,194,74,138,14,198,11,9;4,13,2,66,130,133,132,196,204,201,73,72,8,200,197,69,67,131,136,141,77,71,7;10/70;1;-1;0;0;-1;0,0;-;23;15736075212033010566;1:0:2:1,1:0:2:1,0:1:2:2,1:0:1:21,0:1:1:22	12,140,137,6,78,202,134,205,206,3,68,75,199,195,203,135,76,139,5,194,74,138,14,198,11,9;4,13,2,66,130,133,132,196,204,201,73,72,8,200,197,69,67,131,136,141,77,71,7;10/70,142;0;-1;0;0;-1;0,0;-;24;15736075212033010566;1:0:2:1,1:0:2:1,0:1:2:2,1:0:1:21,0:1:1:22	16967332826940094041	6976493573958852001
seed-7-turn-24	play	10	-1	ok	12,140,137,6,78,202,134,205,206,3,68,75,199,195,203,135,76,139,5,194,74,138,14,198,11,9;4,13,2,66,130,133,132,196,204,201,73,72,8,200,197,69,67,131,136,141,77,71,7;10/70,142;0;-1;0;0;-1;0,0;-;24;15736075212033010566;1:0:2:1,1:0:2:1,0:1:2:2,1:0:1:21,0:1:1:22	12,140,137,6,78,202,134,205,206,3,68,75,199,195,203,135,76,139,5,194,74,138,14,198,11,9;4,13,2,66,130,133,132,196,204,201,73,72,8,200,197,69,67,131,136,141,77,71,7,10;-/70,142;1;-1;0;0;-1;1,0;0;25;15736075212033010566;1:0:2:1,1:0:2:1,0:1:2:2,1:0:1:21,0:1:1:22	6976493573958852001	11497465991113675249
seed-42-turn-0	play	199	-1	ok	68,75,134,4,197,140,136,139,202,78,132,77,135,195,130,205,142,3,70,9,2,141,72,76,203,11,137,8,10,194,5,198,206,200,6,69,71;204;199,74,196,201,131,73,138/14,12,66,67,133,13,7;0;1;0;0;-1;0,0;-;0;471898786279842787;-	68,75,134,4,197,140,136,139,202,78,132,77,135,195,130,205,142,3,70,9,2,141,72,76,203,11,137,8,10,194,5,198,206,200,6,69,71;204,199;74,196,201,131,73,138/14,12,66,67,133,13,7;1;1;0;1;-1;0,0;-;1;471898786279842787;0:1:1:0	9892255162964722708	9867245597412244594
seed-42-turn-1	play	7	-1	ok	68,75,134,4,197,140,136,139,202,78,132,77,135,195,130,205,142,3,70,9,2,141,72,76,203,11,137,8,10,194,5,198,206,200,6,69,71;204,199;74,196,201,131,73,138/14,12,66,67,133,13,7;1;1;0;1;-1;0,0;-;1;471898786279842787;0:1:1:0	68,75,134,4,197,140,136,139,202,78,132,77,135,195,130,205,142,3,70,9,2,141,72,76,203,11,137,8,10,194,5,198,206,200,6,69,71;204,199,7;74,196,201,131,73,138/14,12,66,67,133,13;0;1;0;0;-1;0,0;-;2;471898786279842787;0:1:1:0,1:0:1:1	9867245597412244594	17747879881617920205
seed-42-turn-2	draw	-	-1	ok	68,75,134,4,197,140,136,139,202,78,132,77,135,195,130,205,142,3,70,9,2,141,72,76,203,11,137,8,10,194,5,198,206,200,6,69,71;204,199,7;74,196,201,131,73,138/14,12,66,67,133,13;0;1;0;0;-1;0,0;-;2;471898786279842787;0:1:1:0,1:0:1:1	75,134,4,197,140,136,139,202,78,132,77,135,195,130,205,142,3,70,9,2,141,72,76,203,11,137,8,10,194,5,198,206,200,6,69,71;204,199,7;74,196,201,131,73,138,68/14,12,66,67,133,13;1;1;0;0;-1;0,0;-;3;471898786279842787;0:1:1:0,1:0:1:1	17747879881617920205	1144300207370626343
seed-42-turn-3	play	14	0	ok	75,134,4,197,140,136,139,202,78,132,77,135,195,130,205,142,3,70,9,2,141,72,76,203,11,137,8,10,194,5,198,206,200,6,69,71;204,199,7;74,196,201,131,73,138,68/14,12,66,67,133,13;1;1;0;0;-1;0,0;-;3;471898786279842787;0:1:1:0,1:0:1:1	75,134,4,197,140,136,139,202,78,132,77,135,195,130,205,142,3,70,9,2,141,72,76,203,11,137,8,10,194,5,198,206,200,6,69,71;204,199,7,14;74,196,201,131,73,138,68/12,66,67,133,13;0;1;0;0;0;0,0;-;4;471898786279842787;0:1:1:0,1:0:1:1	1144300207370626343	708142199502913800
seed-42-turn-4	draw	-	-1	ok	75,134,4,197,140,136,139,202,78,132,77,135,195,130,205,142,3,70,9,2,141,72,76,203,11,137,8,10,194,5,198,206,200,6,69,71;204,199,7,14;74,196,201,131,73,138,68/12,66,67,133,13;0;1;0;0;0;0,0;-;4;471898786279842787;0:1:1:0,1:0:1:1	134,4,197,140,136,139,202,78,132,77,135,195,130,205,142,3,70,9,2,141,72,76,203,11,137,8,10,194,5,198,206,200,6,69,71;204,199,7,14;74,196,201,131,73,138,68,75/12,66,67,133,13;1;1;0;0;0;0,0;-;5;471898786279842787;0:1:1:0,1:0:1:1	708142199502913800	16780254542431756292
seed-42-turn-5	play	12	-1	ok	134,4,197,140,136,139,202,78,132,77,135,195,130,205,142,3,70,9,2,141,72,76,203,11,137,8,10,194,5,198,206,200,6,69,71;204,199,7,14;74,196,201,131,73,138,68,75/12,66,67,133,13;1;1;0;0;0;0,0;-;5;471898786279842787;0:1:1:0,1:0:1:1	134,4,197,140,136,139,202,78,132,77,135,195,130,205,142,3,70,9,2,141,72,76,203,11,137,8,10,194,5,198,206,200,6,69,71;204,199,7,14,12;74,196,201,131,73,138,68,75/66,67,133,13;0;-1;0;0;-1;0,0;-;6;471898786279842787;0:1:1:0,1:0:1:1	16780254542431756292	4721676332366338256
seed-42-turn-6	draw	-	-1	ok	134,4,197,140,136,139,202,78,132,77,135,195,130,205,142,3,70,9,2,141,72,76,203,11,137,8,10,194,5,198,206,200,6,69,71;204,199,7,14,12;74,196,201,131,73,138,68,75/66,67,133,13;0;-1;0;0;-1;0,0;-;6;471898786279842787;0:1:1:0,1:0:1:1	4,197,140,136,139,202,78,132,77,135,195,130,205,142,3,70,9,2,141,72,76,203,11,137,8,10,194,5,198,206,200,6,69,71;204,199,7,14,12;74,196,201,131,73,138,68,75,134/66,67,133,13;1;-1;0;0;-1;0,0;-;7;471898786279842787;0:1:1:0,1:0:1:1	4721676332366338256	1473364410329665938
seed-42-turn-7	play	13	-1	ok	4,197,140,136,139,202,78,132,77,135,195,130,205,142,3,70,9,2,141,72,76,203,11,137,8,10,194,5,198,206,200,6,69,71;204,199,7,14,12;74,196,201,131,73,138,68,75,134/66,67,133,13;1;-1;0;0;-1;0,0;-;7;471898786279842787;0:1:1:0,1:0:1:1	4,197,140,136,139,202,78,132,77,135,195,130,205,142,3,70,9,2,141,72,76,203,11,137,8,10,194,5,198,206,200,6,69,71;204,199,7,14,12,13;74,196,201,131,73,138,68,75,134/66,67,133;0;-1;0;0;-1;0,0;-;8;471898786279842787;0:1:1:0,1:0:1:1	1473364410329665938	17044514463819143604
seed-42-turn-8	draw	-	-1	ok	4,197,140,136,139,202,78,132,77,135,195,130,205,142,3,70,9,2,141,72,76,203,11,137,8,10,194,5,198,206,200,6,69,71;204,199,7,14,12,13;74,196,201,131,73,138,68,75,134/66,67,133;0;-1;0;0;-1;0,0;-;8;471898786279842787;0:1:1:0,1:0:1:1	197,140,136,139,202,78,132,77,135,195,130,205,142,3,70,9,2,141,72,76,203,11,137,8,10,194,5,198,206,200,6,69,71;204,199,7,14,12,13;74,196,201,131,73,138,68,75,134,4/66,67,133;1;-1;0;0;-1;0,0;-;9;471898786279842787;0:1:1:0,1:0:1:1	17044514463819143604	7772508896671282744
seed-42-turn-9	draw	-	-1	ok	197,140,136,139,202,78,132,77,135,195,130,205,142,3,70,9,2,141,72,76,203,11,137,8,10,194,5,198,206,200,6,69,71;204,199,7,14,12,13;74,196,201,131,73,138,68,75,134,4/66,67,133;1;-1;0;0;-1;0,0;-;9;471898786279842787;0:1:1:0,1:0:1:1	140,136,139,202,78,132,77,135,195,130,205,142,3,70,9,2,141,72,76,203,11,137,8,10,194,5,198,206,200,6,69,71;204,199,7,14,12,13;74,196,201,131,73,138,68,75,134,4/66,67,133,197;0;-1;0;0;-1;0,0;-;10;471898786279842787;0:1:1:0,1:0:1:1	7772508896671282744	15019656675096989546
seed-42-turn-10	play	4,196,68	-1	ok	140,136,139,202,78,132,77,135,195,130,205,142,3,70,9,2,141,72,76,203,11,137,8,10,194,5,198,206,200,6,69,71;204,199,7,14,12,13;74,196,201,131,73,138,68,75,134,4/66,67,133,197;0;-1;0;0;-1;0,0;-;10;471898786279842787;0:1:1:0,1:0:1:1	140,136,139,202,78,132,77,135,195,130,205,142,3,70,9,2,141,72,76,203,11,137,8,10,194,5,198,206,200,6,69,71;204,199,7,14,12,13,4,196,68;74,201,131,73,138,75,134/66,67,133,197;1;-1;0;0;-1;0,0;-;11;471898786279842787;0:1:1:0,1:0:1:1	15019656675096989546	5982142015135302796
seed-42-turn-11	play	66	-1	ok	140,136,139,202,78,132,77,135,195,130,205,142,3,70,9,2,141,72,76,203,11,137,8,10,194,5,198,206,200,6,69,71;204,199,7,14,12,13,4,196,68;74,201,131,73,138,75,134/66,67,133,197;1;-1;0;0;-1;0,0;-;11;471898786279842787;0:1:1:0,1:0:1:1	140,136,139,202,78,132,77,135,195,130,205,142,3,70,9,2,141,72,76,203,11,137,8,10,194,5,198,206,200,6,69,71;204,199,7,14,12,13,4,196,68,66;74,201,131,73,138,75,134/67,133,197;0;-1;2;0;-1;0,0;-;12;471898786279842787;0:1:1:0,1:0:1:1,1:0:2:11	5982142015135302796	9089654794472085795
seed-42-turn-12	draw	-	-1	ok	140,136,139,202,78,132,77,135,195,130,205,142,3,70,9,2,141,72,76,203,11,137,8,10,194,5,198,206,200,6,69,71;204,199,7,14,12,13,4,196,68,66;74,201,131,73,138,75,134/67,133,197;0;-1;2;0;-1;0,0;-;12;471898786279842787;0:1:1:0,1:0:1:1,1:0:2:11	139,202,78,132,77,135,195,130,205,142,3,70,9,2,141,72,76,203,11,137,8,10,194,5,198,206,200,6,69,71;204,199,7,14,12,13,4,196,68,66;74,201,131,73,138,75,134,140,136/67,133,197;1;-1;0;0;-1;0,0;-;13;471898786279842787;0:1:1:0,1:0:1:1,1:0:2:11	9089654794472085795	13485148868121537537
seed-42-turn-13	play	67	-1	ok	139,202,78,132,77,135,195,130,205,142,3,70,9,2,141,72,76,203,11,137,8,10,194,5,198,206,200,6,69,71;204,199,7,14,12,13,4,196,68,66;74,201,131,73,138,75,134,140,136/67,133,197;1;-1;0;0;-1;0,0;-;13;471898786279842787;0:1:1:0,1:0:1:1,1:0:2:11	139,202,78,132,77,135,195,130,205,142,3,70,9,2,141,72,76,203,11,137,8,10,194,5,198,206,200,6,69,71;204,199,7,14,12,13,4,196,68,66,67;74,201,131,73,138,75,134,140,136/133,197;0;-1;0;0;-1;0,0;-;14;471898786279842787;0:1:1:0,1:0:1:1,1:0:2:11	13485148868121537537	6050209776955396089
seed-42-turn-14	play	74,138	-1	ok	139,202,78,132,77,135,195,130,205,142,3,70,9,2,141,72,76,203,11,137,8,10,194,5,198,206,200,6,69,71;204,199,7,14,12,13,4,196,68,66,67;74,201,131,73,138,75,134,140,136/133,197;0;-1;0;0;-1;0,0;-;14;471898786279842787;0:1:1:0,1:0:1:1,1:0:2:11	139,202,78,132,77,135,195,130,205,142,3,70,9,2,141,72,76,203,11,137,8,10,194,5,198,206,200,6,69,71;204,199,7,14,12,13,4,196,68,66,67,74,138;201,131,73,75,134,140,136/133,197;1;-1;0;0;-1;0,0;-;15;471898786279842787;0:1:1:0,1:0:1:1,1:0:2:11	6050209776955396089	5969706353087966175
seed-42-turn-15	play	133,197	-1	ok	139,202,78,132,77,135,195,130,205,142,3,70,9,2,141,72,76,203,11,137,8,10,194,5,198,206,200,6,69,71;204,199,7,14,12,13,4,196,68,66,67,74,138;201,131,73,75,134,140,136/133,197;1;-1;0;0;-1;0,0;-;15;471898786279842787;0:1:1:0,1:0:1:1,1:0:2:11	139,202,78,132,77,135,195,130,205,142,3,70,9,2,141,72,76,203,11,137,8,10,194,5,198,206,200,6,69,71;204,199,7,14,12,13,4,196,68,66,67,74,138,133,197;201,131,73,75,134,140,136/-;0;-1;0;0;-1;0,1;1;16;471898786279842787;0:1:1:0,1:0:1:1,1:0:2:11	5969706353087966175	13130751856722650322
