# engine-setups-v1; RachelEngine source dce77031bf6a4c49bc3b6780abd89254b88a8f97
# id	seats	seed	state	stateHash
seats-2-seed-0	2	0	132,2,75,137,203,201,205,135,10,73,76,4,142,67,139,134,9,77,13,130,206,70,198,197,69,141,14,3,131,74,202,133,8,71,72,195,12;11;6,66,194,7,140,78,200/199,136,196,5,138,68,204;0;1;0;0;-1;0,0;-;0;3495879988704895980;-	10877048167463107265
seats-2-seed-7	2	7	8,71,70,197,200,69,7,77,136,141,142,12,140,137,6,78,202,134,205,206,3,68,75,199,195,203,135,76,139,5,194,74,138,14,198,11,9;4;13,130,133,10,196,67,73/132,66,204,2,131,72,201;0;1;0;0;-1;0,0;-;0;15736075212033010566;-	6202556382322210631
seats-2-seed-11	2	11	5,132,195,137,77,71,68,3,11,67,73,70,133,76,203,134,6,8,12,10,199,197,139,198,194,74,142,9,138,72,2,135,200,140,204,4,13;14;205,196,69,78,66,130,136/206,75,202,141,131,7,201;0;1;0;0;-1;0,0;-;0;9419181399466218411;-	11598533890621317425
seats-2-seed-42	2	42	68,75,134,4,197,140,136,139,202,78,132,77,135,195,130,205,142,3,70,9,2,141,72,76,203,11,137,8,10,194,5,198,206,200,6,69,71;204;199,74,196,201,131,73,138/14,12,66,67,133,13,7;0;1;0;0;-1;0,0;-;0;471898786279842787;-	9892255162964722708
seats-2-seed-18446744073709551615	2	18446744073709551615	203,139,3,204,201,70,202,77,76,13,132,66,8,200,72,2,206,4,71,198,14,75,9,7,130,199,11,205,69,136,194,138,73,6,134,142,10;197;68,74,12,196,131,135,195/5,67,141,137,140,133,78;0;1;0;0;-1;0,0;-;0;13905153814171963967;-	465059166963481452
seats-3-seed-0	3	0	135,10,73,76,4,142,67,139,134,9,77,13,130,206,70,198,197,69,141,14,3,131,74,202,133,8,71,72,195,12;205;6,66,194,7,140,78,200/199,136,196,5,138,68,204/11,132,2,75,137,203,201;0;1;0;0;-1;0,0,0;-;0;3495879988704895980;-	12577577363923750610
seats-3-seed-7	3	7	77,136,141,142,12,140,137,6,78,202,134,205,206,3,68,75,199,195,203,135,76,139,5,194,74,138,14,198,11,9;7;13,130,133,10,196,67,73/132,66,204,2,131,72,201/4,8,71,70,197,200,69;0;1;0;0;-1;0,0,0;-;0;15736075212033010566;-	7666249241739518248
seats-3-seed-11	3	11	3,11,67,73,70,133,76,203,134,6,8,12,10,199,197,139,198,194,74,142,9,138,72,2,135,200,140,204,4,13;68;205,196,69,78,66,130,136/206,75,202,141,131,7,201/14,5,132,195,137,77,71;0;1;0;0;-1;0,0,0;-;0;9419181399466218411;-	3384956014607935928
seats-3-seed-42	3	42	139,202,78,132,77,135,195,130,205,142,3,70,9,2,141,72,76,203,11,137,8,10,194,5,198,206,200,6,69,71;136;199,74,196,201,131,73,138/14,12,66,67,133,13,7/204,68,75,134,4,197,140;0;1;0;0;-1;0,0,0;-;0;471898786279842787;-	732104392309426687
seats-3-seed-18446744073709551615	3	18446744073709551615	77,76,13,132,66,8,200,72,2,206,4,71,198,14,75,9,7,130,199,11,205,69,136,194,138,73,6,134,142,10;202;68,74,12,196,131,135,195/5,67,141,137,140,133,78/197,203,139,3,204,201,70;0;1;0;0;-1;0,0,0;-;0;13905153814171963967;-	1485422435418502021
seats-4-seed-0	4	0	139,134,9,77,13,130,206,70,198,197,69,141,14,3,131,74,202,133,8,71,72,195,12;67;6,66,194,7,140,78,200/199,136,196,5,138,68,204/11,132,2,75,137,203,201/205,135,10,73,76,4,142;0;1;0;0;-1;0,0,0,0;-;0;3495879988704895980;-	6147462870430576899
seats-4-seed-7	4	7	6,78,202,134,205,206,3,68,75,199,195,203,135,76,139,5,194,74,138,14,198,11,9;137;13,130,133,10,196,67,73/132,66,204,2,131,72,201/4,8,71,70,197,200,69/7,77,136,141,142,12,140;0;1;0;0;-1;0,0,0,0;-;0;15736075212033010566;-	14238513234450637093
seats-4-seed-11	4	11	203,134,6,8,12,10,199,197,139,198,194,74,142,9,138,72,2,135,200,140,204,4,13;76;205,196,69,78,66,130,136/206,75,202,141,131,7,201/14,5,132,195,137,77,71/68,3,11,67,73,70,133;0;1;0;0;-1;0,0,0,0;-;0;9419181399466218411;-	9850671805468226319
seats-4-seed-42	4	42	130,205,142,3,70,9,2,141,72,76,203,11,137,8,10,194,5,198,206,200,6,69,71;195;199,74,196,201,131,73,138/14,12,66,67,133,13,7/204,68,75,134,4,197,140/136,139,202,78,132,77,135;0;1;0;0;-1;0,0,0,0;-;0;471898786279842787;-	16598295967520707456
seats-4-seed-18446744073709551615	4	18446744073709551615	72,2,206,4,71,198,14,75,9,7,130,199,11,205,69,136,194,138,73,6,134,142,10;200;68,74,12,196,131,135,195/5,67,141,137,140,133,78/197,203,139,3,204,201,70/202,77,76,13,132,66,8;0;1;0;0;-1;0,0,0,0;-;0;13905153814171963967;-	8919939836485195306
seats-5-seed-0	5	0	70,198,197,69,141,14,3,131,74,202,133,8,71,72,195,12;206;6,66,194,7,140,78,200/199,136,196,5,138,68,204/11,132,2,75,137,203,201/205,135,10,73,76,4,142/67,139,134,9,77,13,130;0;1;0;0;-1;0,0,0,0,0;-;0;3495879988704895980;-	15448897130115795794
seats-5-seed-7	5	7	68,75,199,195,203,135,76,139,5,194,74,138,14,198,11,9;3;13,130,133,10,196,67,73/132,66,204,2,131,72,201/4,8,71,70,197,200,69/7,77,136,141,142,12,140/137,6,78,202,134,205,206;0;1;0;0;-1;0,0,0,0,0;-;0;15736075212033010566;-	15190173457696273368
seats-5-seed-11	5	11	197,139,198,194,74,142,9,138,72,2,135,200,140,204,4,13;199;205,196,69,78,66,130,136/206,75,202,141,131,7,201/14,5,132,195,137,77,71/68,3,11,67,73,70,133/76,203,134,6,8,12,10;0;1;0;0;-1;0,0,0,0,0;-;0;9419181399466218411;-	12289953859669400824
seats-5-seed-42	5	42	141,72,76,203,11,137,8,10,194,5,198,206,200,6,69,71;2;199,74,196,201,131,73,138/14,12,66,67,133,13,7/204,68,75,134,4,197,140/136,139,202,78,132,77,135/195,130,205,142,3,70,9;0;1;0;0;-1;0,0,0,0,0;-;0;471898786279842787;-	3345044102640004763
seats-5-seed-18446744073709551615	5	18446744073709551615	75,9,7,130,199,11,205,69,136,194,138,73,6,134,142,10;14;68,74,12,196,131,135,195/5,67,141,137,140,133,78/197,203,139,3,204,201,70/202,77,76,13,132,66,8/200,72,2,206,4,71,198;0;1;0;0;-1;0,0,0,0,0;-;0;13905153814171963967;-	970314511333207143
seats-6-seed-0	6	0	198,197,69,141,14,3,131,74,202,133,8,71,72,195,12;70;6,66,194,7,140,78/200,199,136,196,5,138/68,204,11,132,2,75/137,203,201,205,135,10/73,76,4,142,67,139/134,9,77,13,130,206;0;1;0;0;-1;0,0,0,0,0,0;-;0;3495879988704895980;-	10557090908082823801
seats-6-seed-7	6	7	75,199,195,203,135,76,139,5,194,74,138,14,198,11,9;68;13,130,133,10,196,67/73,132,66,204,2,131/72,201,4,8,71,70/197,200,69,7,77,136/141,142,12,140,137,6/78,202,134,205,206,3;0;1;0;0;-1;0,0,0,0,0,0;-;0;15736075212033010566;-	10894025575283732571
seats-6-seed-11	6	11	139,198,194,74,142,9,138,72,2,135,200,140,204,4,13;197;205,196,69,78,66,130/136,206,75,202,141,131/7,201,14,5,132,195/137,77,71,68,3,11/67,73,70,133,76,203/134,6,8,12,10,199;0;1;0;0;-1;0,0,0,0,0,0;-;0;9419181399466218411;-	13287502757831615195
seats-6-seed-42	6	42	72,76,203,11,137,8,10,194,5,198,206,200,6,69,71;141;199,74,196,201,131,73/138,14,12,66,67,133/13,7,204,68,75,134/4,197,140,136,139,202/78,132,77,135,195,130/205,142,3,70,9,2;0;1;0;0;-1;0,0,0,0,0,0;-;0;471898786279842787;-	16071607590780734350
seats-6-seed-18446744073709551615	6	18446744073709551615	9,7,130,199,11,205,69,136,194,138,73,6,134,142,10;75;68,74,12,196,131,135/195,5,67,141,137,140/133,78,197,203,139,3/204,201,70,202,77,76/13,132,66,8,200,72/2,206,4,71,198,14;0;1;0;0;-1;0,0,0,0,0,0;-;0;13905153814171963967;-	13196512320709334044
seats-7-seed-0	7	0	70,198,197,69,141,14,3,131,74,202,133,8,71,72,195,12;206;6,66,194,7,140/78,200,199,136,196/5,138,68,204,11/132,2,75,137,203/201,205,135,10,73/76,4,142,67,139/134,9,77,13,130;0;1;0;0;-1;0,0,0,0,0,0,0;-;0;3495879988704895980;-	16582777178741551644
seats-7-seed-7	7	7	68,75,199,195,203,135,76,139,5,194,74,138,14,198,11,9;3;13,130,133,10,196/67,73,132,66,204/2,131,72,201,4/8,71,70,197,200/69,7,77,136,141/142,12,140,137,6/78,202,134,205,206;0;1;0;0;-1;0,0,0,0,0,0,0;-;0;15736075212033010566;-	3894422061392424436
seats-7-seed-11	7	11	197,139,198,194,74,142,9,138,72,2,135,200,140,204,4,13;199;205,196,69,78,66/130,136,206,75,202/141,131,7,201,14/5,132,195,137,77/71,68,3,11,67/73,70,133,76,203/134,6,8,12,10;0;1;0;0;-1;0,0,0,0,0,0,0;-;0;9419181399466218411;-	3747269718024311300
seats-7-seed-42	7	42	141,72,76,203,11,137,8,10,194,5,198,206,200,6,69,71;2;199,74,196,201,131/73,138,14,12,66/67,133,13,7,204/68,75,134,4,197/140,136,139,202,78/132,77,135,195,130/205,142,3,70,9;0;1;0;0;-1;0,0,0,0,0,0,0;-;0;471898786279842787;-	487833817584018581
seats-7-seed-18446744073709551615	7	18446744073709551615	75,9,7,130,199,11,205,69,136,194,138,73,6,134,142,10;14;68,74,12,196,131/135,195,5,67,141/137,140,133,78,197/203,139,3,204,201/70,202,77,76,13/132,66,8,200,72/2,206,4,71,198;0;1;0;0;-1;0,0,0,0,0,0,0;-;0;13905153814171963967;-	3002830328919908951
seats-8-seed-0	8	0	14,3,131,74,202,133,8,71,72,195,12;141;6,66,194,7,140/78,200,199,136,196/5,138,68,204,11/132,2,75,137,203/201,205,135,10,73/76,4,142,67,139/134,9,77,13,130/206,70,198,197,69;0;1;0;0;-1;0,0,0,0,0,0,0,0;-;0;3495879988704895980;-	2536569755178031943
seats-8-seed-7	8	7	135,76,139,5,194,74,138,14,198,11,9;203;13,130,133,10,196/67,73,132,66,204/2,131,72,201,4/8,71,70,197,200/69,7,77,136,141/142,12,140,137,6/78,202,134,205,206/3,68,75,199,195;0;1;0;0;-1;0,0,0,0,0,0,0,0;-;0;15736075212033010566;-	12614785426131020853
seats-8-seed-11	8	11	142,9,138,72,2,135,200,140,204,4,13;74;205,196,69,78,66/130,136,206,75,202/141,131,7,201,14/5,132,195,137,77/71,68,3,11,67/73,70,133,76,203/134,6,8,12,10/199,197,139,198,194;0;1;0;0;-1;0,0,0,0,0,0,0,0;-;0;9419181399466218411;-	14159679879950540221
seats-8-seed-42	8	42	137,8,10,194,5,198,206,200,6,69,71;11;199,74,196,201,131/73,138,14,12,66/67,133,13,7,204/68,75,134,4,197/140,136,139,202,78/132,77,135,195,130/205,142,3,70,9/2,141,72,76,203;0;1;0;0;-1;0,0,0,0,0,0,0,0;-;0;471898786279842787;-	6074797307013035034
seats-8-seed-18446744073709551615	8	18446744073709551615	11,205,69,136,194,138,73,6,134,142,10;199;68,74,12,196,131/135,195,5,67,141/137,140,133,78,197/203,139,3,204,201/70,202,77,76,13/132,66,8,200,72/2,206,4,71,198/14,75,9,7,130;0;1;0;0;-1;0,0,0,0,0,0,0,0;-;0;13905153814171963967;-	7776799281792900764
